{
    "H": {
        "1H": 0.99985,
        "2H": 0.00015
    },
    "Cl": {
        "35Cl": 0.7577,
        "37Cl": 0.2423
    },
    "Ca": {
        "40Ca": 0.96941,
        "42Ca": 0.00647,
        "43Ca": 0.00135,
        "44Ca": 0.02086,
        "46Ca": 0.00004,
        "48Ca": 0.00187
    },
    "He": {
        "3He": 0.00000138,
        "4He": 0.99999862
    },
    "Li": {
        "6Li": 0.075,
        "7Li": 0.925
    },
    "Be":{
        "9Be":1.0
    },
    "B": {
        "10B": 0.199,
        "11B": 0.801
    },
    "C": {
        "12C": 0.9890,
        "13C": 0.0110
    },
    "N": {
        "14N": 0.99635,
        "15N": 0.00365
    },
    "O": {
        "16O": 0.99757,
        "17O": 0.00038,
        "18O": 0.00200
    },
    "F": {
        "19F": 1.0
    },
    "Ne": {
        "20Ne": 0.9048,
        "21Ne": 0.0027,
        "22Ne": 0.0925
    },
    "Na": {
        "23Na": 1.0
    },
    "Mg": {
        "24Mg": 0.7899,
        "25Mg": 0.1000,
        "26Mg": 0.1101
    },
    "Al": {
        "27Al": 1.0
    },
    "Si": {
        "28Si": 0.9229,
        "29Si": 0.0467,
        "30Si": 0.031
    },
    "P": {
    "31P": 1.0
    },
    "S": {
      "32S": 0.950,
      "33S": 0.0074,
      "34S": 0.044,
      "36S": 0.00018
    },
    "Ar": {
      "36Ar": 0.0035,
      "38Ar": 0.0008,
      "40Ar": 0.996
    },
    "Sc": {
      "45Sc": 1.0
    },
    "Ti": {
      "46Ti": 0.081,
      "47Ti": 0.073,
      "48Ti": 0.074,
      "49Ti": 0.051,
      "50Ti": 0.054
    },
    "V": {
      "50V": 0.0025,
      "51V": 0.9975
    },
    "Cr": {
      "50Cr": 0.043,
      "52Cr": 0.837,
      "53Cr": 0.113,
      "54Cr": 0.028
    },
    "Mn": {
      "55Mn": 1.0
    },
    "Fe": {
        "54Fe": 0.0580,
        "56Fe": 0.9172,
        "57Fe": 0.0218,
        "58Fe": 0.0030
    },
    "Co": {
        "59Co": 1.0
    },
    "Ni": {
        "58Ni": 0.6807,
        "60Ni": 0.2623,
        "61Ni": 0.0114,
        "62Ni": 0.0363,
        "64Ni": 0.0093
    },
    "Cu": {
        "63Cu": 0.6915,
        "65Cu": 0.3085
    },
    "Zn": {
        "64Zn": 0.4917,
        "66Zn": 0.2773,
        "67Zn": 0.0410,
        "68Zn": 0.1870,
        "70Zn": 0.0030
    },
    "Ga": {
        "69Ga": 0.6011,
        "71Ga": 0.3989
    },
    "Ge": {
        "70Ge": 0.2057,
        "72Ge": 0.2745,
        "73Ge": 0.0784,
        "74Ge": 0.3652,
        "76Ge": 0.0762
    },
    "As": {
        "75As": 1.0
    },
    "Se": {
        "74Se": 0.0099,
        "76Se": 0.0930,
        "77Se": 0.0760,
        "78Se": 0.2360,
        "80Se": 0.4970,
        "82Se": 0.0880
    },
    "Br": {
      "79Br": 0.506,
      "81Br": 0.494
    },
    "Kr": {
      "78Kr": 0.00353,
      "80Kr": 0.0229,
      "82Kr": 0.1158,
      "83Kr": 0.114,
      "84Kr": 0.572,
      "86Kr": 0.173
    },
    "Rb": {
      "85Rb": 0.72,
      "87Rb": 0.28
    },
    "Sr": {
      "84Sr": 0.0056,
      "86Sr": 0.0987,
      "87Sr": 0.071,
      "88Sr": 0.8247
    },
    "Y": {
      "89Y": 1.0
    },
    "Zr": {
      "90Zr": 0.514,
      "91Zr": 0.112,
      "92Zr": 0.171,
      "94Zr": 0.173,
      "96Zr": 0.03
    },
    "Nb": {
      "93Nb": 1.0
    },
    "Mo": {
      "92Mo": 0.149,
      "94Mo": 0.0955,
      "95Mo": 0.154,
      "96Mo": 0.0573,
      "97Mo": 0.09,
      "98Mo": 0.247,
      "100Mo": 0.0957
    },
    "Ru": {
      "96Ru": 0.055,
      "98Ru": 0.015,
      "99Ru": 0.1,
      "100Ru": 0.135,
      "101Ru": 0.25,
      "102Ru": 0.148,
      "104Ru": 0.281
    },
    "Rh": {
      "103Rh": 1.0
    },
    "Pd": {
      "102Pd": 0.0096,
      "104Pd": 0.1097,
      "105Pd": 0.2223,
      "106Pd": 0.2733,
      "108Pd": 0.2671,
      "110Pd": 0.1181
    },
    "Ag": {
      "107Ag": 0.51837,
      "109Ag": 0.48163
    },
    "Cd": {
      "106Cd": 0.0120,
      "108Cd": 0.007,
      "110Cd": 0.128,
      "111Cd": 0.13,
      "112Cd": 0.242,
      "113Cd": 0.123,
      "114Cd": 0.288,
      "116Cd": 0.073
    },
    "In": {
      "113In": 0.0423,
      "115In": 0.9577
    },
    "Sn": {
      "112Sn": 0.0099,
      "114Sn": 0.0068,
      "115Sn": 0.0036,
      "116Sn": 0.1449,
      "117Sn": 0.0771,
      "118Sn": 0.2409,
      "119Sn": 0.0264,
      "122Sn": 0.0564,
      "124Sn": 0.0579
    },
    "Sb": {
      "121Sb": 0.5725,
      "123Sb": 0.4275
    },
    "Te": {
      "120Te": 0.0009,
      "122Te": 0.0243,
      "123Te": 0.0085,
      "124Te": 0.04816,
      "125Te": 0.0714,
      "126Te": 0.1895,
      "128Te": 0.31687,
      "130Te": 0.33799
    },
    "I": {
      "127I": 1.0
    },
    "Xe": {
      "124Xe": 0.0010,
      "126Xe": 0.0009,
      "128Xe": 0.0191,
      "129Xe": 0.264,
      "130Xe": 0.041,
      "131Xe": 0.062,
      "132Xe": 0.069,
      "134Xe": 0.025,
      "136Xe": 0.022
    },
    "Cs": {
      "133Cs": 1.0
    },
    "Ba": {
      "130Ba": 0.00106,
      "132Ba": 0.00101,
      "134Ba": 0.02417,
      "135Ba": 0.06592,
      "136Ba": 0.07854,
      "137Ba": 0.1123,
      "138Ba": 0.7170
    },
    "La": {
      "138La": 0.00089,
      "139La": 0.99911
    },
    "Ce": {
      "136Ce": 0.00193,
      "138Ce": 0.00250,
      "140Ce": 0.8848,
      "142Ce": 0.1251
    },
    "Pr": {
      "141Pr": 1.0
    },
    "Nd": {
      "142Nd": 0.2726,
      "143Nd": 0.1226,
      "144Nd": 0.2387,
      "145Nd": 0.0829,
      "146Nd": 0.0633,
      "148Nd": 0.0211,
      "150Nd": 0.0207
    },
    "Sm": {
      "144Sm": 0.0303,
      "147Sm": 0.1509,
      "148Sm": 0.1121,
      "149Sm": 0.1382,
      "150Sm": 0.0740,
      "152Sm": 0.2685,
      "154Sm": 0.0850
    },
    "Eu": {
      "151Eu": 0.481,
      "153Eu": 0.519
    },
    "Gd": {
      "152Gd": 0.0019,
      "154Gd": 0.0218,
      "155Gd": 0.0595,
      "156Gd": 0.0824,
      "157Gd": 0.0630,
      "158Gd": 0.0880,
      "160Gd": 0.0880
    },
    "Tb": {
      "159Tb": 1.0
    },
    "Dy": {
      "156Dy": 0.00056,
      "158Dy": 0.00096,
      "160Dy": 0.0234,
      "161Dy": 0.188,
      "162Dy": 0.252,
      "163Dy": 0.241,
      "164Dy": 0.281
    }

      
}

 
 